<?xml version="1.0" encoding="UTF-8"?>
<project-private xmlns="http://www.netbeans.org/ns/project-private/1">
    <editor-bookmarks xmlns="http://www.netbeans.org/ns/editor-bookmarks/2" lastBookmarkId="0"/>
    <open-files xmlns="http://www.netbeans.org/ns/projectui-open-files/2">
        <group>
            <file>file:/D:/Xampp/htdocs/food/login.php</file>
            <file>file:/D:/Xampp/htdocs/food/restaurants.php</file>
            <file>file:/D:/Xampp/htdocs/food/order_sucess.php</file>
            <file>file:/D:/Xampp/htdocs/food/checkout.php</file>
            <file>file:/D:/Xampp/htdocs/food/confirm_order.php</file>
            <file>file:/D:/Xampp/htdocs/food/register.php</file>
            <file>file:/D:/Xampp/htdocs/food/dishes.php</file>
            <file>file:/D:/Xampp/htdocs/food/index.php</file>
        </group>
    </open-files>
</project-private>
